1,один
2,два
3,три
4,чотири
5,п’ять
6,шість
7,сім
8,вісім
9,дев’ять
10,десять
11,одинадцять
12,дванадцять
13,тринадцять
14,чотирнадцять
15,п’ятнадцять
16,шістнадцять
17,сімнадцять
18,вісімнадцять
19,дев’ятнадцять
20,двадцять
21,двадцять один
22,двадцять два
23,двадцять три
24,двадцять чотири
25,двадцять п’ять
26,двадцять шість
27,двадцять сім
28,двадцять вісім
29,двадцять дев’ять
30,тридцять
31,тридцять один
32,тридцять два
33,тридцять три
34,тридцять чотири
35,тридцять п’ять
36,тридцять шість
37,тридцять сім
38,тридцять вісім
39,тридцять дев’ять
40,сорок
41,сорок один
42,сорок два
43,сорок три
44,сорок чотири
45,сорок п’ять
46,сорок шість
47,сорок сім
48,сорок вісім
49,сорок дев’ять
50,п’ятдесят
51,п’ятдесят один
52,п’ятдесят два
53,п’ятдесят три
54,п’ятдесят чотири
55,п’ятдесят п’ять
56,п’ятдесят шість
57,п’ятдесят сім
58,п’ятдесят вісім
59,п’ятдесят дев’ять
60,шістдесят
61,шістдесят один
62,шістдесят два
63,шістдесят три
64,шістдесят чотири
65,шістдесят п’ять
66,шістдесят шість
67,шістдесят сім
68,шістдесят вісім
69,шістдесят дев’ять
70,сімдесят
71,сімдесят один
72,сімдесят два
73,сімдесят три
74,сімдесят чотири
75,сімдесят п’ять
76,сімдесят шість
77,сімдесят сім
78,сімдесят вісім
79,сімдесят дев’ять
80,вісімдесят
81,вісімдесят один
82,вісімдесят два
83,вісімдесят три
84,вісімдесят чотири
85,вісімдесят п’ять
86,вісімдесят шість
87,вісімдесят сім
88,вісімдесят вісім
89,вісімдесят дев’ять
90,дев’яносто
91,дев’яносто один
92,дев’яносто два
93,дев’яносто три
94,дев’яносто чотири
95,дев’яносто п’ять
96,дев’яносто шість
97,дев’яносто сім
98,дев’яносто вісім
99,дев’яносто дев’ять
100,сто
101,сто один
102,сто два
103,сто три
104,сто чотири
105,сто п’ять
106,сто шість
107,сто сім
108,сто вісім
109,сто дев’ять
110,сто десять
111,сто одинадцять
112,сто дванадцять
113,сто тринадцять
114,сто чотирнадцять
115,сто п’ятнадцять
116,сто шістнадцять
117,сто сімнадцять
118,сто вісімнадцять
119,сто дев’ятнадцять
120,сто двадцять
121,сто двадцять один
122,сто двадцять два
123,сто двадцять три
124,сто двадцять чотири
125,сто двадцять п’ять
126,сто двадцять шість
127,сто двадцять сім
128,сто двадцять вісім
129,сто двадцять дев’ять
130,сто двадцять десять
131,сто двадцять одинадцять
132,сто двадцять дванадцять
133,сто двадцять тринадцять
134,сто двадцять чотирнадцять
135,сто двадцять п’ятнадцять
136,сто двадцять шістнадцять
137,сто двадцять сімнадцять
138,сто двадцять вісімнадцять
139,сто двадцять дев’ятнадцять
140,сто тридцять
141,сто тридцять один
142,сто тридцять два
143,сто тридцять три
144,сто тридцять чотири
145,сто тридцять п’ять
146,сто тридцять шість
147,сто тридцять сім
148,сто тридцять вісім
149,сто тридцять дев’ять
150,сто п’ятдесят
151,сто п’ятдесят один
152,сто п’ятдесят два
153,сто п’ятдесят три
154,сто п’ятдесят чотири
155,сто п’ятдесят п’ять
156,сто п’ятдесят шість
157,сто п’ятдесят сім
158,сто п’ятдесят вісім
159,сто п’ятдесят дев’ять
160,сто шістдесят
161,сто шістдесят один
162,сто шістдесят два
163,сто шістдесят три
164,сто шістдесят чотири
165,сто шістдесят п’ять
166,сто шістдесят шість
167,сто шістдесят сім
168,сто шістдесят вісім
169,сто шістдесят дев’ять
170,сто сімдесят
171,сто сімдесят один
172,сто сімдесят два
173,сто сімдесят три
174,сто сімдесят чотири
175,сто сімдесят п’ять
176,сто сімдесят шість
177,сто сімдесят сім
178,сто сімдесят вісім
179,сто сімдесят дев’ять
180,сто вісімдесят
181,сто вісімдесят один
182,сто вісімдесят два
183,сто вісімдесят три
184,сто вісімдесят чотири
185,сто вісімдесят п’ять
186,сто вісімдесят шість
187,сто вісімдесят сім
188,сто вісімдесят вісім
189,сто вісімдесят дев’ять
190,сто дев’яносто
191,сто дев’яносто один
192,сто дев’яносто два
193,сто дев’яносто три
194,сто дев’яносто чотири
195,сто дев’яносто п’ять
196,сто дев’яносто шість
197,сто дев’яносто сім
198,сто дев’яносто вісім
199,сто дев’яносто дев’ять
200,двісті
201,двісті один
202,двісті два
203,двісті три
204,двісті чотири
205,двісті п’ять
206,двісті шість
207,двісті сім
208,двісті вісім
209,двісті дев’ять
210,двісті десять
211,двісті одинадцять
212,двісті дванадцять
213,двісті тринадцять
214,двісті чотирнадцять
215,двісті п’ятнадцять
216,двісті шістнадцять
217,двісті сімнадцять
218,двісті вісімнадцять
219,двісті дев’ятнадцять
220,двісті двадцять
221,двісті двадцять один
222,двісті двадцять два
223,двісті двадцять три
224,двісті двадцять чотири
225,двісті двадцять п’ять
226,двісті двадцять шість
227,двісті двадцять сім
228,двісті двадцять вісім
229,двісті двадцять дев’ять
230,двісті тридцять
231,двісті тридцять один
232,двісті тридцять два
233,двісті тридцять три
234,двісті тридцять чотири
235,двісті тридцять п’ять
236,двісті тридцять шість
237,двісті тридцять сім
238,двісті тридцять вісім
239,двісті тридцять дев’ять
240,двісті сорок
241,двісті сорок один
242,двісті сорок два
243,двісті сорок три
244,двісті сорок чотири
245,двісті сорок п’ять
246,двісті сорок шість
247,двісті сорок сім
248,двісті сорок вісім
249,двісті сорок дев’ять
250,двісті п’ятдесят
251,двісті п’ятдесят один
252,двісті п’ятдесят два
253,двісті п’ятдесят три
254,двісті п’ятдесят чотири
255,двісті п’ятдесят п’ять
256,двісті п’ятдесят шість
257,двісті п’ятдесят сім
258,двісті п’ятдесят вісім
259,двісті п’ятдесят дев’ять
260,двісті шістдесят
261,двісті шістдесят один
262,двісті шістдесят два
263,двісті шістдесят три
264,двісті шістдесят чотири
265,двісті шістдесят п’ять
266,двісті шістдесят шість
267,двісті шістдесят сім
268,двісті шістдесят вісім
269,двісті шістдесят дев’ять
270,двісті сімдесят
271,двісті сімдесят один
272,двісті сімдесят два
273,двісті сімдесят три
274,двісті сімдесят чотири
275,двісті сімдесят п’ять
276,двісті сімдесят шість
277,двісті сімдесят сім
278,двісті сімдесят вісім
279,двісті сімдесят дев’ять
280,двісті вісімдесят
281,двісті вісімдесят один
282,двісті вісімдесят два
283,двісті вісімдесят три
284,двісті вісімдесят чотири
285,двісті вісімдесят п’ять
286,двісті вісімдесят шість
287,двісті вісімдесят сім
288,двісті вісімдесят вісім
289,двісті вісімдесят дев’ять
290,двісті дев’яносто
291,двісті дев’яносто один
292,двісті дев’яносто два
293,двісті дев’яносто три
294,двісті дев’яносто чотири
295,двісті дев’яносто п’ять
296,двісті дев’яносто шість
297,двісті дев’яносто сім
298,двісті дев’яносто вісім
299,двісті дев’яносто дев’ять
300,триста
301,триста  один
302,триста  два
303,триста  три
304,триста  чотири
305,триста  п’ять
306,триста  шість
307,триста  сім
308,триста  вісім
309,триста  дев’ять
310,триста  десять
311,триста  одинадцять
312,триста  дванадцять
313,триста  тринадцять
314,триста  чотирнадцять
315,триста  п’ятнадцять
316,триста  шістнадцять
317,триста  сімнадцять
318,триста  вісімнадцять
319,триста  дев’ятнадцять
320,триста  двадцять
321,триста  двадцять один
322,триста  двадцять два
323,триста  двадцять три
324,триста  двадцять чотири
325,триста  двадцять п’ять
326,триста  двадцять шість
327,триста  двадцять сім
328,триста  двадцять вісім
329,триста  двадцять дев’ять
330,триста  тридцять
331,триста  тридцять один
332,триста  тридцять два
333,триста  тридцять три
334,триста  тридцять чотири
335,триста  тридцять п’ять
336,триста  тридцять шість
337,триста  тридцять сім
338,триста  тридцять вісім
339,триста  тридцять дев’ять
340,триста  сорок
341,триста  сорок один
342,триста  сорок два
343,триста  сорок три
344,триста  сорок чотири
345,триста  сорок п’ять
346,триста  сорок шість
347,триста  сорок сім
348,триста  сорок вісім
349,триста  сорок дев’ять
350,триста  п’ятдесят
351,триста  п’ятдесят один
352,триста  п’ятдесят два
353,триста  п’ятдесят три
354,триста  п’ятдесят чотири
355,триста  п’ятдесят п’ять
356,триста  п’ятдесят шість
357,триста  п’ятдесят сім
358,триста  п’ятдесят вісім
359,триста  п’ятдесят дев’ять
360,триста  шістдесят
361,триста  шістдесят один
362,триста  шістдесят два
363,триста  шістдесят три
364,триста  шістдесят чотири
365,триста  шістдесят п’ять
366,триста  шістдесят шість
367,триста  шістдесят сім
368,триста  шістдесят вісім
369,триста  шістдесят дев’ять
370,триста  сімдесят
371,триста  сімдесят один
372,триста  сімдесят два
373,триста  сімдесят три
374,триста  сімдесят чотири
375,триста  сімдесят п’ять
376,триста  сімдесят шість
377,триста  сімдесят сім
378,триста  сімдесят вісім
379,триста  сімдесят дев’ять
380,триста  вісімдесят
381,триста  вісімдесят один
382,триста  вісімдесят два
383,триста  вісімдесят три
384,триста  вісімдесят чотири
385,триста  вісімдесят п’ять
386,триста  вісімдесят шість
387,триста  вісімдесят сім
388,триста  вісімдесят вісім
389,триста  вісімдесят дев’ять
390,триста  дев’яносто
391,триста  дев’яносто один
392,триста  дев’яносто два
393,триста  дев’яносто три
394,триста  дев’яносто чотири
395,триста  дев’яносто п’ять
396,триста  дев’яносто шість
397,триста  дев’яносто сім
398,триста  дев’яносто вісім
399,триста  дев’яносто дев’ять
400,чотириста
401,чотириста один
402,чотириста два
403,чотириста три
404,чотириста чотири
405,чотириста п’ять
406,чотириста шість
407,чотириста сім
408,чотириста вісім
409,чотириста дев’ять
410,чотириста десять
411,чотириста одинадцять
412,чотириста дванадцять
413,чотириста тринадцять
414,чотириста чотирнадцять
415,чотириста п’ятнадцять
416,чотириста шістнадцять
417,чотириста сімнадцять
418,чотириста вісімнадцять
419,чотириста дев’ятнадцять
420,чотириста двадцять
421,чотириста двадцять один
422,чотириста двадцять два
423,чотириста двадцять три
424,чотириста двадцять чотири
425,чотириста двадцять п’ять
426,чотириста двадцять шість
427,чотириста двадцять сім
428,чотириста двадцять вісім
429,чотириста двадцять дев’ять
430,чотириста тридцять
431,чотириста тридцять один
432,чотириста тридцять два
433,чотириста тридцять три
434,чотириста тридцять чотири
435,чотириста тридцять п’ять
436,чотириста тридцять шість
437,чотириста тридцять сім
438,чотириста тридцять вісім
439,чотириста тридцять дев’ять
440,чотириста сорок
441,чотириста сорок один
442,чотириста сорок два
443,чотириста сорок три
444,чотириста сорок чотири
445,чотириста сорок п’ять
446,чотириста сорок шість
447,чотириста сорок сім
448,чотириста сорок вісім
449,чотириста сорок дев’ять
450,чотириста п’ятдесят
451,чотириста п’ятдесят один
452,чотириста п’ятдесят два
453,чотириста п’ятдесят три
454,чотириста п’ятдесят чотири
455,чотириста п’ятдесят п’ять
456,чотириста п’ятдесят шість
457,чотириста п’ятдесят сім
458,чотириста п’ятдесят вісім
459,чотириста п’ятдесят дев’ять
460,чотириста шістдесят
461,чотириста шістдесят один
462,чотириста шістдесят два
463,чотириста шістдесят три
464,чотириста шістдесят чотири
465,чотириста шістдесят п’ять
466,чотириста шістдесят шість
467,чотириста шістдесят сім
468,чотириста шістдесят вісім
469,чотириста шістдесят дев’ять
470,чотириста сімдесят
471,чотириста сімдесят один
472,чотириста сімдесят два
473,чотириста сімдесят три
474,чотириста сімдесят чотири
475,чотириста сімдесят п’ять
476,чотириста сімдесят шість
477,чотириста сімдесят сім
478,чотириста сімдесят вісім
479,чотириста сімдесят дев’ять
480,чотириста вісімдесят
481,чотириста вісімдесят один
482,чотириста вісімдесят два
483,чотириста вісімдесят три
484,чотириста вісімдесят чотири
485,чотириста вісімдесят п’ять
486,чотириста вісімдесят шість
487,чотириста вісімдесят сім
488,чотириста вісімдесят вісім
489,чотириста вісімдесят дев’ять
490,чотириста дев’яносто
491,чотириста дев’яносто один
492,чотириста дев’яносто два
493,чотириста дев’яносто три
494,чотириста дев’яносто чотири
495,чотириста дев’яносто п’ять
496,чотириста дев’яносто шість
497,чотириста дев’яносто сім
498,чотириста дев’яносто вісім
499,чотириста дев’яносто дев’ять
500,п'ятсот
501,п'ятсот один
502,п'ятсот два
503,п'ятсот три
504,п'ятсот чотири
505,п'ятсот п’ять
506,п'ятсот шість
507,п'ятсот сім
508,п'ятсот вісім
509,п'ятсот дев’ять
510,п'ятсот десять
511,п'ятсот одинадцять
512,п'ятсот дванадцять
513,п'ятсот тринадцять
514,п'ятсот чотирнадцять
515,п'ятсот п’ятнадцять
516,п'ятсот шістнадцять
517,п'ятсот сімнадцять
518,п'ятсот вісімнадцять
519,п'ятсот дев’ятнадцять
520,п'ятсот двадцять
521,п'ятсот двадцять один
522,п'ятсот двадцять два
523,п'ятсот двадцять три
524,п'ятсот двадцять чотири
525,п'ятсот двадцять п’ять
526,п'ятсот двадцять шість
527,п'ятсот двадцять сім
528,п'ятсот двадцять вісім
529,п'ятсот двадцять дев’ять
530,п'ятсот тридцять
531,п'ятсот тридцять один
532,п'ятсот тридцять два
533,п'ятсот тридцять три
534,п'ятсот тридцять чотири
535,п'ятсот тридцять п’ять
536,п'ятсот тридцять шість
537,п'ятсот тридцять сім
538,п'ятсот тридцять вісім
539,п'ятсот тридцять дев’ять
540,п'ятсот сорок
541,п'ятсот сорок один
542,п'ятсот сорок два
543,п'ятсот сорок три
544,п'ятсот сорок чотири
545,п'ятсот сорок п’ять
546,п'ятсот сорок шість
547,п'ятсот сорок сім
548,п'ятсот сорок вісім
549,п'ятсот сорок дев’ять
550,п'ятсот п’ятдесят
551,п'ятсот п’ятдесят один
552,п'ятсот п’ятдесят два
553,п'ятсот п’ятдесят три
554,п'ятсот п’ятдесят чотири
555,п'ятсот п’ятдесят п’ять
556,п'ятсот п’ятдесят шість
557,п'ятсот п’ятдесят сім
558,п'ятсот п’ятдесят вісім
559,п'ятсот п’ятдесят дев’ять
560,п'ятсот шістдесят
561,п'ятсот шістдесят один
562,п'ятсот шістдесят два
563,п'ятсот шістдесят три
564,п'ятсот шістдесят чотири
565,п'ятсот шістдесят п’ять
566,п'ятсот шістдесят шість
567,п'ятсот шістдесят сім
568,п'ятсот шістдесят вісім
569,п'ятсот шістдесят дев’ять
570,п'ятсот сімдесят
571,п'ятсот сімдесят один
572,п'ятсот сімдесят два
573,п'ятсот сімдесят три
574,п'ятсот сімдесят чотири
575,п'ятсот сімдесят п’ять
576,п'ятсот сімдесят шість
577,п'ятсот сімдесят сім
578,п'ятсот сімдесят вісім
579,п'ятсот сімдесят дев’ять
580,п'ятсот вісімдесят
581,п'ятсот вісімдесят один
582,п'ятсот вісімдесят два
583,п'ятсот вісімдесят три
584,п'ятсот вісімдесят чотири
585,п'ятсот вісімдесят п’ять
586,п'ятсот вісімдесят шість
587,п'ятсот вісімдесят сім
588,п'ятсот вісімдесят вісім
589,п'ятсот вісімдесят дев’ять
590,п'ятсот дев’яносто
591,п'ятсот дев’яносто один
592,п'ятсот дев’яносто два
593,п'ятсот дев’яносто три
594,п'ятсот дев’яносто чотири
595,п'ятсот дев’яносто п’ять
596,п'ятсот дев’яносто шість
597,п'ятсот дев’яносто сім
598,п'ятсот дев’яносто вісім
599,п'ятсот дев’яносто дев’ять
600,шістсот
601,шістсот один
602,шістсот два
603,шістсот три
604,шістсот чотири
605,шістсот п’ять
606,шістсот шість
607,шістсот сім
608,шістсот вісім
609,шістсот дев’ять
610,шістсот десять
611,шістсот одинадцять
612,шістсот дванадцять
613,шістсот тринадцять
614,шістсот чотирнадцять
615,шістсот п’ятнадцять
616,шістсот шістнадцять
617,шістсот сімнадцять
618,шістсот вісімнадцять
619,шістсот дев’ятнадцять
620,шістсот двадцять
621,шістсот двадцять один
622,шістсот двадцять два
623,шістсот двадцять три
624,шістсот двадцять чотири
625,шістсот двадцять п’ять
626,шістсот двадцять шість
627,шістсот двадцять сім
628,шістсот двадцять вісім
629,шістсот двадцять дев’ять
630,шістсот тридцять
631,шістсот тридцять один
632,шістсот тридцять два
633,шістсот тридцять три
634,шістсот тридцять чотири
635,шістсот тридцять п’ять
636,шістсот тридцять шість
637,шістсот тридцять сім
638,шістсот тридцять вісім
639,шістсот тридцять дев’ять
640,шістсот сорок
641,шістсот сорок один
642,шістсот сорок два
643,шістсот сорок три
644,шістсот сорок чотири
645,шістсот сорок п’ять
646,шістсот сорок шість
647,шістсот сорок сім
648,шістсот сорок вісім
649,шістсот сорок дев’ять
650,шістсот п’ятдесят
651,шістсот п’ятдесят один
652,шістсот п’ятдесят два
653,шістсот п’ятдесят три
654,шістсот п’ятдесят чотири
655,шістсот п’ятдесят п’ять
656,шістсот п’ятдесят шість
657,шістсот п’ятдесят сім
658,шістсот п’ятдесят вісім
659,шістсот п’ятдесят дев’ять
660,шістсот шістдесят
661,шістсот шістдесят один
662,шістсот шістдесят два
663,шістсот шістдесят три
664,шістсот шістдесят чотири
665,шістсот шістдесят п’ять
666,шістсот шістдесят шість
667,шістсот шістдесят сім
668,шістсот шістдесят вісім
669,шістсот шістдесят дев’ять
670,шістсот сімдесят
671,шістсот сімдесят один
672,шістсот сімдесят два
673,шістсот сімдесят три
674,шістсот сімдесят чотири
675,шістсот сімдесят п’ять
676,шістсот сімдесят шість
677,шістсот сімдесят сім
678,шістсот сімдесят вісім
679,шістсот сімдесят дев’ять
680,шістсот вісімдесят
681,шістсот вісімдесят один
682,шістсот вісімдесят два
683,шістсот вісімдесят три
684,шістсот вісімдесят чотири
685,шістсот вісімдесят п’ять
686,шістсот вісімдесят шість
687,шістсот вісімдесят сім
688,шістсот вісімдесят вісім
689,шістсот вісімдесят дев’ять
690,шістсот дев’яносто
691,шістсот дев’яносто один
692,шістсот дев’яносто два
693,шістсот дев’яносто три
694,шістсот дев’яносто чотири
695,шістсот дев’яносто п’ять
696,шістсот дев’яносто шість
697,шістсот дев’яносто сім
698,шістсот дев’яносто вісім
699,шістсот дев’яносто дев’ять
700,сімсот
701,сімсот один
702,сімсот два
703,сімсот три
704,сімсот чотири
705,сімсот п’ять
706,сімсот шість
707,сімсот сім
708,сімсот вісім
709,сімсот дев’ять
710,сімсот десять
711,сімсот одинадцять
712,сімсот дванадцять
713,сімсот тринадцять
714,сімсот чотирнадцять
715,сімсот п’ятнадцять
716,сімсот шістнадцять
717,сімсот сімнадцять
718,сімсот вісімнадцять
719,сімсот дев’ятнадцять
720,сімсот двадцять
721,сімсот двадцять один
722,сімсот двадцять два
723,сімсот двадцять три
724,сімсот двадцять чотири
725,сімсот двадцять п’ять
726,сімсот двадцять шість
727,сімсот двадцять сім
728,сімсот двадцять вісім
729,сімсот двадцять дев’ять
730,сімсот тридцять
731,сімсот тридцять один
732,сімсот тридцять два
733,сімсот тридцять три
734,сімсот тридцять чотири
735,сімсот тридцять п’ять
736,сімсот тридцять шість
737,сімсот тридцять сім
738,сімсот тридцять вісім
739,сімсот тридцять дев’ять
740,сімсот сорок
741,сімсот сорок один
742,сімсот сорок два
743,сімсот сорок три
744,сімсот сорок чотири
745,сімсот сорок п’ять
746,сімсот сорок шість
747,сімсот сорок сім
748,сімсот сорок вісім
749,сімсот сорок дев’ять
750,сімсот п’ятдесят
751,сімсот п’ятдесят один
752,сімсот п’ятдесят два
753,сімсот п’ятдесят три
754,сімсот п’ятдесят чотири
755,сімсот п’ятдесят п’ять
756,сімсот п’ятдесят шість
757,сімсот п’ятдесят сім
758,сімсот п’ятдесят вісім
759,сімсот п’ятдесят дев’ять
760,сімсот шістдесят
761,сімсот шістдесят один
762,сімсот шістдесят два
763,сімсот шістдесят три
764,сімсот шістдесят чотири
765,сімсот шістдесят п’ять
766,сімсот шістдесят шість
767,сімсот шістдесят сім
768,сімсот шістдесят вісім
769,сімсот шістдесят дев’ять
770,сімсот сімдесят
771,сімсот сімдесят один
772,сімсот сімдесят два
773,сімсот сімдесят три
774,сімсот сімдесят чотири
775,сімсот сімдесят п’ять
776,сімсот сімдесят шість
777,сімсот сімдесят сім
778,сімсот сімдесят вісім
779,сімсот сімдесят дев’ять
780,сімсот вісімдесят
781,сімсот вісімдесят один
782,сімсот вісімдесят два
783,сімсот вісімдесят три
784,сімсот вісімдесят чотири
785,сімсот вісімдесят п’ять
786,сімсот вісімдесят шість
787,сімсот вісімдесят сім
788,сімсот вісімдесят вісім
789,сімсот вісімдесят дев’ять
790,сімсот дев’яносто
791,сімсот дев’яносто один
792,сімсот дев’яносто два
793,сімсот дев’яносто три
794,сімсот дев’яносто чотири
795,сімсот дев’яносто п’ять
796,сімсот дев’яносто шість
797,сімсот дев’яносто сім
798,сімсот дев’яносто вісім
799,сімсот дев’яносто дев’ять
800,вісімсот
801,вісімсот один
802,вісімсот два
803,вісімсот три
804,вісімсот чотири
805,вісімсот п’ять
806,вісімсот шість
807,вісімсот сім
808,вісімсот вісім
809,вісімсот дев’ять
810,вісімсот десять
811,вісімсот одинадцять
812,вісімсот дванадцять
813,вісімсот тринадцять
814,вісімсот чотирнадцять
815,вісімсот п’ятнадцять
816,вісімсот шістнадцять
817,вісімсот сімнадцять
818,вісімсот вісімнадцять
819,вісімсот дев’ятнадцять
820,вісімсот двадцять
821,вісімсот двадцять один
822,вісімсот двадцять два
823,вісімсот двадцять три
824,вісімсот двадцять чотири
825,вісімсот двадцять п’ять
826,вісімсот двадцять шість
827,вісімсот двадцять сім
828,вісімсот двадцять вісім
829,вісімсот двадцять дев’ять
830,вісімсот тридцять
831,вісімсот тридцять один
832,вісімсот тридцять два
833,вісімсот тридцять три
834,вісімсот тридцять чотири
835,вісімсот тридцять п’ять
836,вісімсот тридцять шість
837,вісімсот тридцять сім
838,вісімсот тридцять вісім
839,вісімсот тридцять дев’ять
840,вісімсот сорок
841,вісімсот сорок один
842,вісімсот сорок два
843,вісімсот сорок три
844,вісімсот сорок чотири
845,вісімсот сорок п’ять
846,вісімсот сорок шість
847,вісімсот сорок сім
848,вісімсот сорок вісім
849,вісімсот сорок дев’ять
850,вісімсот п’ятдесят
851,вісімсот п’ятдесят один
852,вісімсот п’ятдесят два
853,вісімсот п’ятдесят три
854,вісімсот п’ятдесят чотири
855,вісімсот п’ятдесят п’ять
856,вісімсот п’ятдесят шість
857,вісімсот п’ятдесят сім
858,вісімсот п’ятдесят вісім
859,вісімсот п’ятдесят дев’ять
860,вісімсот шістдесят
861,вісімсот шістдесят один
862,вісімсот шістдесят два
863,вісімсот шістдесят три
864,вісімсот шістдесят чотири
865,вісімсот шістдесят п’ять
866,вісімсот шістдесят шість
867,вісімсот шістдесят сім
868,вісімсот шістдесят вісім
869,вісімсот шістдесят дев’ять
870,вісімсот сімдесят
871,вісімсот сімдесят один
872,вісімсот сімдесят два
873,вісімсот сімдесят три
874,вісімсот сімдесят чотири
875,вісімсот сімдесят п’ять
876,вісімсот сімдесят шість
877,вісімсот сімдесят сім
878,вісімсот сімдесят вісім
879,вісімсот сімдесят дев’ять
880,вісімсот вісімдесят
881,вісімсот вісімдесят один
882,вісімсот вісімдесят два
883,вісімсот вісімдесят три
884,вісімсот вісімдесят чотири
885,вісімсот вісімдесят п’ять
886,вісімсот вісімдесят шість
887,вісімсот вісімдесят сім
888,вісімсот вісімдесят вісім
889,вісімсот вісімдесят дев’ять
890,вісімсот дев’яносто
891,вісімсот дев’яносто один
892,вісімсот дев’яносто два
893,вісімсот дев’яносто три
894,вісімсот дев’яносто чотири
895,вісімсот дев’яносто п’ять
896,вісімсот дев’яносто шість
897,вісімсот дев’яносто сім
898,вісімсот дев’яносто вісім
899,вісімсот дев’яносто дев’ять
900,дев'ятсот
901,дев'ятсот один
902,дев'ятсот два
903,дев'ятсот три
904,дев'ятсот чотири
905,дев'ятсот п’ять
906,дев'ятсот шість
907,дев'ятсот сім
908,дев'ятсот вісім
909,дев'ятсот дев’ять
910,дев'ятсот десять
911,дев'ятсот одинадцять
912,дев'ятсот дванадцять
913,дев'ятсот тринадцять
914,дев'ятсот чотирнадцять
915,дев'ятсот п’ятнадцять
916,дев'ятсот шістнадцять
917,дев'ятсот сімнадцять
918,дев'ятсот вісімнадцять
919,дев'ятсот дев’ятнадцять
920,дев'ятсот двадцять
921,дев'ятсот двадцять один
922,дев'ятсот двадцять два
923,дев'ятсот двадцять три
924,дев'ятсот двадцять чотири
925,дев'ятсот двадцять п’ять
926,дев'ятсот двадцять шість
927,дев'ятсот двадцять сім
928,дев'ятсот двадцять вісім
929,дев'ятсот двадцять дев’ять
930,дев'ятсот тридцять
931,дев'ятсот тридцять один
932,дев'ятсот тридцять два
933,дев'ятсот тридцять три
934,дев'ятсот тридцять чотири
935,дев'ятсот тридцять п’ять
936,дев'ятсот тридцять шість
937,дев'ятсот тридцять сім
938,дев'ятсот тридцять вісім
939,дев'ятсот тридцять дев’ять
940,дев'ятсот сорок
941,дев'ятсот сорок один
942,дев'ятсот сорок два
943,дев'ятсот сорок три
944,дев'ятсот сорок чотири
945,дев'ятсот сорок п’ять
946,дев'ятсот сорок шість
947,дев'ятсот сорок сім
948,дев'ятсот сорок вісім
949,дев'ятсот сорок дев’ять
950,дев'ятсот п’ятдесят
951,дев'ятсот п’ятдесят один
952,дев'ятсот п’ятдесят два
953,дев'ятсот п’ятдесят три
954,дев'ятсот п’ятдесят чотири
955,дев'ятсот п’ятдесят п’ять
956,дев'ятсот п’ятдесят шість
957,дев'ятсот п’ятдесят сім
958,дев'ятсот п’ятдесят вісім
959,дев'ятсот п’ятдесят дев’ять
960,дев'ятсот шістдесят
961,дев'ятсот шістдесят один
962,дев'ятсот шістдесят два
963,дев'ятсот шістдесят три
964,дев'ятсот шістдесят чотири
965,дев'ятсот шістдесят п’ять
966,дев'ятсот шістдесят шість
967,дев'ятсот шістдесят сім
968,дев'ятсот шістдесят вісім
969,дев'ятсот шістдесят дев’ять
970,дев'ятсот сімдесят
971,дев'ятсот сімдесят один
972,дев'ятсот сімдесят два
973,дев'ятсот сімдесят три
974,дев'ятсот сімдесят чотири
975,дев'ятсот сімдесят п’ять
976,дев'ятсот сімдесят шість
977,дев'ятсот сімдесят сім
978,дев'ятсот сімдесят вісім
979,дев'ятсот сімдесят дев’ять
980,дев'ятсот вісімдесят
981,дев'ятсот вісімдесят один
982,дев'ятсот вісімдесят два
983,дев'ятсот вісімдесят три
984,дев'ятсот вісімдесят чотири
985,дев'ятсот вісімдесят п’ять
986,дев'ятсот вісімдесят шість
987,дев'ятсот вісімдесят сім
988,дев'ятсот вісімдесят вісім
989,дев'ятсот вісімдесят дев’ять
990,дев'ятсот дев’яносто
991,дев'ятсот дев’яносто один
992,дев'ятсот дев’яносто два
993,дев'ятсот дев’яносто три
994,дев'ятсот дев’яносто чотири
995,дев'ятсот дев’яносто п’ять
996,дев'ятсот дев’яносто шість
997,дев'ятсот дев’яносто сім
998,дев'ятсот дев’яносто вісім
999,дев'ятсот дев’яносто дев’ять
